{
    "834288163940728851": {
        "balance": 63,
        "job_level": 0,
        "inventory": {
            "1": 1,
            "2": 1,
            "3": 48,
            "4": 24,
            "6": 1,
            "5": 2,
            "20": 8,
            "21": 11,
            "9": 2
        },
        "last_daily": "2025-01-22T11:07:38.173735",
        "next_hunt_dragon": 980
    },
    "1330879825702948907": {
        "balance": 1000,
        "job_level": 0,
        "inventory": {
            "10": 1
        }
    },
    "493005000826552320": {
        "balance": 99999549,
        "job_level": 0,
        "inventory": {
            "1": 1
        },
        "last_daily": "2025-01-22T02:31:33.066302"
    },
    "235148962103951360": {
        "balance": 40,
        "job_level": 0,
        "inventory": {}
    },
    "1027407264191107112": {
        "balance": 0,
        "job_level": 0,
        "inventory": {
            "1": 2,
            "2": 2,
            "12": 549,
            "11": 1158,
            "13": 125,
            "3": 1149,
            "4": 532,
            "4.5": 4,
            "6": 27,
            "11.5": 11,
            "5": 139,
            "12.5": 4,
            "3.5": 12,
            "14": 18,
            "16": 2,
            "8": 1,
            "13.5": 3,
            "7": 2,
            "14.5": 1,
            "15": 2,
            "15.5": 1
        },
        "locked_items": [
            "10"
        ],
        "next_hunt_dragon": 0
    }
}